[{"id":"./.editorconfig","parent":"./","name":".editorconfig"},{"id":"./.jshintrc","parent":"./","name":".jshintrc"},{"id":"./Gulpfile.js","parent":"./","name":"Gulpfile.js"},{"id":"./bower.json","parent":"./","name":"bower.json"},{"id":"./bower_components","parent":"./","name":"bower_components"},{"id":"./bower_components/angular","parent":"./bower_components","name":"angular"},{"id":"./bower_components/angular/.bower.json","parent":"./bower_components/angular","name":".bower.json"},{"id":"./bower_components/angular/README.md","parent":"./bower_components/angular","name":"README.md"},{"id":"./bower_components/angular/angular-csp.css","parent":"./bower_components/angular","name":"angular-csp.css"},{"id":"./bower_components/angular/angular.js","parent":"./bower_components/angular","name":"angular.js"},{"id":"./bower_components/angular/angular.min.js","parent":"./bower_components/angular","name":"angular.min.js"},{"id":"./bower_components/angular/angular.min.js.gzip","parent":"./bower_components/angular","name":"angular.min.js.gzip"},{"id":"./bower_components/angular/angular.min.js.map","parent":"./bower_components/angular","name":"angular.min.js.map"},{"id":"./bower_components/angular/bower.json","parent":"./bower_components/angular","name":"bower.json"},{"id":"./bower_components/angular/index.js","parent":"./bower_components/angular","name":"index.js"},{"id":"./bower_components/angular/package.json","parent":"./bower_components/angular","name":"package.json"},{"id":"./bower_components/angular-route","parent":"./bower_components","name":"angular-route"},{"id":"./bower_components/angular-route/.bower.json","parent":"./bower_components/angular-route","name":".bower.json"},{"id":"./bower_components/angular-route/README.md","parent":"./bower_components/angular-route","name":"README.md"},{"id":"./bower_components/angular-route/angular-route.js","parent":"./bower_components/angular-route","name":"angular-route.js"},{"id":"./bower_components/angular-route/angular-route.min.js","parent":"./bower_components/angular-route","name":"angular-route.min.js"},{"id":"./bower_components/angular-route/angular-route.min.js.map","parent":"./bower_components/angular-route","name":"angular-route.min.js.map"},{"id":"./bower_components/angular-route/bower.json","parent":"./bower_components/angular-route","name":"bower.json"},{"id":"./bower_components/angular-route/index.js","parent":"./bower_components/angular-route","name":"index.js"},{"id":"./bower_components/angular-route/package.json","parent":"./bower_components/angular-route","name":"package.json"},{"id":"./bower_components/jquery","parent":"./bower_components","name":"jquery"},{"id":"./bower_components/jquery/.bower.json","parent":"./bower_components/jquery","name":".bower.json"},{"id":"./bower_components/jquery/MIT-LICENSE.txt","parent":"./bower_components/jquery","name":"MIT-LICENSE.txt"},{"id":"./bower_components/jquery/bower.json","parent":"./bower_components/jquery","name":"bower.json"},{"id":"./bower_components/jquery/dist","parent":"./bower_components/jquery","name":"dist"},{"id":"./bower_components/jquery/dist/jquery.js","parent":"./bower_components/jquery/dist","name":"jquery.js"},{"id":"./bower_components/jquery/dist/jquery.min.js","parent":"./bower_components/jquery/dist","name":"jquery.min.js"},{"id":"./bower_components/jquery/dist/jquery.min.map","parent":"./bower_components/jquery/dist","name":"jquery.min.map"},{"id":"./bower_components/jquery/src","parent":"./bower_components/jquery","name":"src"},{"id":"./bower_components/jquery/src/ajax","parent":"./bower_components/jquery/src","name":"ajax"},{"id":"./bower_components/jquery/src/ajax/jsonp.js","parent":"./bower_components/jquery/src/ajax","name":"jsonp.js"},{"id":"./bower_components/jquery/src/ajax/load.js","parent":"./bower_components/jquery/src/ajax","name":"load.js"},{"id":"./bower_components/jquery/src/ajax/parseJSON.js","parent":"./bower_components/jquery/src/ajax","name":"parseJSON.js"},{"id":"./bower_components/jquery/src/ajax/parseXML.js","parent":"./bower_components/jquery/src/ajax","name":"parseXML.js"},{"id":"./bower_components/jquery/src/ajax/script.js","parent":"./bower_components/jquery/src/ajax","name":"script.js"},{"id":"./bower_components/jquery/src/ajax/var","parent":"./bower_components/jquery/src/ajax","name":"var"},{"id":"./bower_components/jquery/src/ajax/var/nonce.js","parent":"./bower_components/jquery/src/ajax/var","name":"nonce.js"},{"id":"./bower_components/jquery/src/ajax/var/rquery.js","parent":"./bower_components/jquery/src/ajax/var","name":"rquery.js"},{"id":"./bower_components/jquery/src/ajax/xhr.js","parent":"./bower_components/jquery/src/ajax","name":"xhr.js"},{"id":"./bower_components/jquery/src/ajax.js","parent":"./bower_components/jquery/src","name":"ajax.js"},{"id":"./bower_components/jquery/src/attributes","parent":"./bower_components/jquery/src","name":"attributes"},{"id":"./bower_components/jquery/src/attributes/attr.js","parent":"./bower_components/jquery/src/attributes","name":"attr.js"},{"id":"./bower_components/jquery/src/attributes/classes.js","parent":"./bower_components/jquery/src/attributes","name":"classes.js"},{"id":"./bower_components/jquery/src/attributes/prop.js","parent":"./bower_components/jquery/src/attributes","name":"prop.js"},{"id":"./bower_components/jquery/src/attributes/support.js","parent":"./bower_components/jquery/src/attributes","name":"support.js"},{"id":"./bower_components/jquery/src/attributes/val.js","parent":"./bower_components/jquery/src/attributes","name":"val.js"},{"id":"./bower_components/jquery/src/attributes.js","parent":"./bower_components/jquery/src","name":"attributes.js"},{"id":"./bower_components/jquery/src/callbacks.js","parent":"./bower_components/jquery/src","name":"callbacks.js"},{"id":"./bower_components/jquery/src/core","parent":"./bower_components/jquery/src","name":"core"},{"id":"./bower_components/jquery/src/core/access.js","parent":"./bower_components/jquery/src/core","name":"access.js"},{"id":"./bower_components/jquery/src/core/init.js","parent":"./bower_components/jquery/src/core","name":"init.js"},{"id":"./bower_components/jquery/src/core/parseHTML.js","parent":"./bower_components/jquery/src/core","name":"parseHTML.js"},{"id":"./bower_components/jquery/src/core/ready.js","parent":"./bower_components/jquery/src/core","name":"ready.js"},{"id":"./bower_components/jquery/src/core/var","parent":"./bower_components/jquery/src/core","name":"var"},{"id":"./bower_components/jquery/src/core/var/rsingleTag.js","parent":"./bower_components/jquery/src/core/var","name":"rsingleTag.js"},{"id":"./bower_components/jquery/src/core.js","parent":"./bower_components/jquery/src","name":"core.js"},{"id":"./bower_components/jquery/src/css","parent":"./bower_components/jquery/src","name":"css"},{"id":"./bower_components/jquery/src/css/addGetHookIf.js","parent":"./bower_components/jquery/src/css","name":"addGetHookIf.js"},{"id":"./bower_components/jquery/src/css/curCSS.js","parent":"./bower_components/jquery/src/css","name":"curCSS.js"},{"id":"./bower_components/jquery/src/css/defaultDisplay.js","parent":"./bower_components/jquery/src/css","name":"defaultDisplay.js"},{"id":"./bower_components/jquery/src/css/hiddenVisibleSelectors.js","parent":"./bower_components/jquery/src/css","name":"hiddenVisibleSelectors.js"},{"id":"./bower_components/jquery/src/css/support.js","parent":"./bower_components/jquery/src/css","name":"support.js"},{"id":"./bower_components/jquery/src/css/swap.js","parent":"./bower_components/jquery/src/css","name":"swap.js"},{"id":"./bower_components/jquery/src/css/var","parent":"./bower_components/jquery/src/css","name":"var"},{"id":"./bower_components/jquery/src/css/var/cssExpand.js","parent":"./bower_components/jquery/src/css/var","name":"cssExpand.js"},{"id":"./bower_components/jquery/src/css/var/getStyles.js","parent":"./bower_components/jquery/src/css/var","name":"getStyles.js"},{"id":"./bower_components/jquery/src/css/var/isHidden.js","parent":"./bower_components/jquery/src/css/var","name":"isHidden.js"},{"id":"./bower_components/jquery/src/css/var/rmargin.js","parent":"./bower_components/jquery/src/css/var","name":"rmargin.js"},{"id":"./bower_components/jquery/src/css/var/rnumnonpx.js","parent":"./bower_components/jquery/src/css/var","name":"rnumnonpx.js"},{"id":"./bower_components/jquery/src/css.js","parent":"./bower_components/jquery/src","name":"css.js"},{"id":"./bower_components/jquery/src/data","parent":"./bower_components/jquery/src","name":"data"},{"id":"./bower_components/jquery/src/data/Data.js","parent":"./bower_components/jquery/src/data","name":"Data.js"},{"id":"./bower_components/jquery/src/data/accepts.js","parent":"./bower_components/jquery/src/data","name":"accepts.js"},{"id":"./bower_components/jquery/src/data/var","parent":"./bower_components/jquery/src/data","name":"var"},{"id":"./bower_components/jquery/src/data/var/data_priv.js","parent":"./bower_components/jquery/src/data/var","name":"data_priv.js"},{"id":"./bower_components/jquery/src/data/var/data_user.js","parent":"./bower_components/jquery/src/data/var","name":"data_user.js"},{"id":"./bower_components/jquery/src/data.js","parent":"./bower_components/jquery/src","name":"data.js"},{"id":"./bower_components/jquery/src/deferred.js","parent":"./bower_components/jquery/src","name":"deferred.js"},{"id":"./bower_components/jquery/src/deprecated.js","parent":"./bower_components/jquery/src","name":"deprecated.js"},{"id":"./bower_components/jquery/src/dimensions.js","parent":"./bower_components/jquery/src","name":"dimensions.js"},{"id":"./bower_components/jquery/src/effects","parent":"./bower_components/jquery/src","name":"effects"},{"id":"./bower_components/jquery/src/effects/Tween.js","parent":"./bower_components/jquery/src/effects","name":"Tween.js"},{"id":"./bower_components/jquery/src/effects/animatedSelector.js","parent":"./bower_components/jquery/src/effects","name":"animatedSelector.js"},{"id":"./bower_components/jquery/src/effects.js","parent":"./bower_components/jquery/src","name":"effects.js"},{"id":"./bower_components/jquery/src/event","parent":"./bower_components/jquery/src","name":"event"},{"id":"./bower_components/jquery/src/event/ajax.js","parent":"./bower_components/jquery/src/event","name":"ajax.js"},{"id":"./bower_components/jquery/src/event/alias.js","parent":"./bower_components/jquery/src/event","name":"alias.js"},{"id":"./bower_components/jquery/src/event/support.js","parent":"./bower_components/jquery/src/event","name":"support.js"},{"id":"./bower_components/jquery/src/event.js","parent":"./bower_components/jquery/src","name":"event.js"},{"id":"./bower_components/jquery/src/exports","parent":"./bower_components/jquery/src","name":"exports"},{"id":"./bower_components/jquery/src/exports/amd.js","parent":"./bower_components/jquery/src/exports","name":"amd.js"},{"id":"./bower_components/jquery/src/exports/global.js","parent":"./bower_components/jquery/src/exports","name":"global.js"},{"id":"./bower_components/jquery/src/intro.js","parent":"./bower_components/jquery/src","name":"intro.js"},{"id":"./bower_components/jquery/src/jquery.js","parent":"./bower_components/jquery/src","name":"jquery.js"},{"id":"./bower_components/jquery/src/manipulation","parent":"./bower_components/jquery/src","name":"manipulation"},{"id":"./bower_components/jquery/src/manipulation/_evalUrl.js","parent":"./bower_components/jquery/src/manipulation","name":"_evalUrl.js"},{"id":"./bower_components/jquery/src/manipulation/support.js","parent":"./bower_components/jquery/src/manipulation","name":"support.js"},{"id":"./bower_components/jquery/src/manipulation/var","parent":"./bower_components/jquery/src/manipulation","name":"var"},{"id":"./bower_components/jquery/src/manipulation/var/rcheckableType.js","parent":"./bower_components/jquery/src/manipulation/var","name":"rcheckableType.js"},{"id":"./bower_components/jquery/src/manipulation.js","parent":"./bower_components/jquery/src","name":"manipulation.js"},{"id":"./bower_components/jquery/src/offset.js","parent":"./bower_components/jquery/src","name":"offset.js"},{"id":"./bower_components/jquery/src/outro.js","parent":"./bower_components/jquery/src","name":"outro.js"},{"id":"./bower_components/jquery/src/queue","parent":"./bower_components/jquery/src","name":"queue"},{"id":"./bower_components/jquery/src/queue/delay.js","parent":"./bower_components/jquery/src/queue","name":"delay.js"},{"id":"./bower_components/jquery/src/queue.js","parent":"./bower_components/jquery/src","name":"queue.js"},{"id":"./bower_components/jquery/src/selector-native.js","parent":"./bower_components/jquery/src","name":"selector-native.js"},{"id":"./bower_components/jquery/src/selector-sizzle.js","parent":"./bower_components/jquery/src","name":"selector-sizzle.js"},{"id":"./bower_components/jquery/src/selector.js","parent":"./bower_components/jquery/src","name":"selector.js"},{"id":"./bower_components/jquery/src/serialize.js","parent":"./bower_components/jquery/src","name":"serialize.js"},{"id":"./bower_components/jquery/src/sizzle","parent":"./bower_components/jquery/src","name":"sizzle"},{"id":"./bower_components/jquery/src/sizzle/dist","parent":"./bower_components/jquery/src/sizzle","name":"dist"},{"id":"./bower_components/jquery/src/sizzle/dist/sizzle.js","parent":"./bower_components/jquery/src/sizzle/dist","name":"sizzle.js"},{"id":"./bower_components/jquery/src/sizzle/dist/sizzle.min.js","parent":"./bower_components/jquery/src/sizzle/dist","name":"sizzle.min.js"},{"id":"./bower_components/jquery/src/sizzle/dist/sizzle.min.map","parent":"./bower_components/jquery/src/sizzle/dist","name":"sizzle.min.map"},{"id":"./bower_components/jquery/src/traversing","parent":"./bower_components/jquery/src","name":"traversing"},{"id":"./bower_components/jquery/src/traversing/findFilter.js","parent":"./bower_components/jquery/src/traversing","name":"findFilter.js"},{"id":"./bower_components/jquery/src/traversing/var","parent":"./bower_components/jquery/src/traversing","name":"var"},{"id":"./bower_components/jquery/src/traversing/var/rneedsContext.js","parent":"./bower_components/jquery/src/traversing/var","name":"rneedsContext.js"},{"id":"./bower_components/jquery/src/traversing.js","parent":"./bower_components/jquery/src","name":"traversing.js"},{"id":"./bower_components/jquery/src/var","parent":"./bower_components/jquery/src","name":"var"},{"id":"./bower_components/jquery/src/var/arr.js","parent":"./bower_components/jquery/src/var","name":"arr.js"},{"id":"./bower_components/jquery/src/var/class2type.js","parent":"./bower_components/jquery/src/var","name":"class2type.js"},{"id":"./bower_components/jquery/src/var/concat.js","parent":"./bower_components/jquery/src/var","name":"concat.js"},{"id":"./bower_components/jquery/src/var/hasOwn.js","parent":"./bower_components/jquery/src/var","name":"hasOwn.js"},{"id":"./bower_components/jquery/src/var/indexOf.js","parent":"./bower_components/jquery/src/var","name":"indexOf.js"},{"id":"./bower_components/jquery/src/var/pnum.js","parent":"./bower_components/jquery/src/var","name":"pnum.js"},{"id":"./bower_components/jquery/src/var/push.js","parent":"./bower_components/jquery/src/var","name":"push.js"},{"id":"./bower_components/jquery/src/var/rnotwhite.js","parent":"./bower_components/jquery/src/var","name":"rnotwhite.js"},{"id":"./bower_components/jquery/src/var/slice.js","parent":"./bower_components/jquery/src/var","name":"slice.js"},{"id":"./bower_components/jquery/src/var/strundefined.js","parent":"./bower_components/jquery/src/var","name":"strundefined.js"},{"id":"./bower_components/jquery/src/var/support.js","parent":"./bower_components/jquery/src/var","name":"support.js"},{"id":"./bower_components/jquery/src/var/toString.js","parent":"./bower_components/jquery/src/var","name":"toString.js"},{"id":"./bower_components/jquery/src/wrap.js","parent":"./bower_components/jquery/src","name":"wrap.js"},{"id":"./bower_components/requirejs","parent":"./bower_components","name":"requirejs"},{"id":"./bower_components/requirejs/.bower.json","parent":"./bower_components/requirejs","name":".bower.json"},{"id":"./bower_components/requirejs/README.md","parent":"./bower_components/requirejs","name":"README.md"},{"id":"./bower_components/requirejs/bower.json","parent":"./bower_components/requirejs","name":"bower.json"},{"id":"./bower_components/requirejs/require.js","parent":"./bower_components/requirejs","name":"require.js"},{"id":"./dist","parent":"./","name":"dist"},{"id":"./dist/css.css","parent":"./dist","name":"css.css"},{"id":"./dist/css.min.css","parent":"./dist","name":"css.min.css"},{"id":"./dist/style","parent":"./dist","name":"style"},{"id":"./dist/style/css.css","parent":"./dist/style","name":"css.css"},{"id":"./dist/style/css.min.css","parent":"./dist/style","name":"css.min.css"},{"id":"./dist/vendor.js","parent":"./dist","name":"vendor.js"},{"id":"./dist/vendor.min.js","parent":"./dist","name":"vendor.min.js"},{"id":"./fonts","parent":"./","name":"fonts"},{"id":"./fonts/Roboto","parent":"./fonts","name":"Roboto"},{"id":"./fonts/Roboto/Roboto-Black.ttf","parent":"./fonts/Roboto","name":"Roboto-Black.ttf"},{"id":"./fonts/Roboto/Roboto-BlackItalic.ttf","parent":"./fonts/Roboto","name":"Roboto-BlackItalic.ttf"},{"id":"./fonts/Roboto/Roboto-Bold.ttf","parent":"./fonts/Roboto","name":"Roboto-Bold.ttf"},{"id":"./fonts/Roboto/Roboto-BoldCondensed.ttf","parent":"./fonts/Roboto","name":"Roboto-BoldCondensed.ttf"},{"id":"./fonts/Roboto/Roboto-BoldCondensedItalic.ttf","parent":"./fonts/Roboto","name":"Roboto-BoldCondensedItalic.ttf"},{"id":"./fonts/Roboto/Roboto-BoldItalic.ttf","parent":"./fonts/Roboto","name":"Roboto-BoldItalic.ttf"},{"id":"./fonts/Roboto/Roboto-Condensed.ttf","parent":"./fonts/Roboto","name":"Roboto-Condensed.ttf"},{"id":"./fonts/Roboto/Roboto-CondensedItalic.ttf","parent":"./fonts/Roboto","name":"Roboto-CondensedItalic.ttf"},{"id":"./fonts/Roboto/Roboto-Italic.ttf","parent":"./fonts/Roboto","name":"Roboto-Italic.ttf"},{"id":"./fonts/Roboto/Roboto-Light.ttf","parent":"./fonts/Roboto","name":"Roboto-Light.ttf"},{"id":"./fonts/Roboto/Roboto-LightItalic.ttf","parent":"./fonts/Roboto","name":"Roboto-LightItalic.ttf"},{"id":"./fonts/Roboto/Roboto-Medium.ttf","parent":"./fonts/Roboto","name":"Roboto-Medium.ttf"},{"id":"./fonts/Roboto/Roboto-MediumItalic.ttf","parent":"./fonts/Roboto","name":"Roboto-MediumItalic.ttf"},{"id":"./fonts/Roboto/Roboto-Regular.ttf","parent":"./fonts/Roboto","name":"Roboto-Regular.ttf"},{"id":"./fonts/Roboto/Roboto-Thin.ttf","parent":"./fonts/Roboto","name":"Roboto-Thin.ttf"},{"id":"./fonts/Roboto/Roboto-ThinItalic.ttf","parent":"./fonts/Roboto","name":"Roboto-ThinItalic.ttf"},{"id":"./fonts/Roboto/RobotoSpecimenBook.pdf","parent":"./fonts/Roboto","name":"RobotoSpecimenBook.pdf"},{"id":"./fonts/icomoon","parent":"./fonts","name":"icomoon"},{"id":"./fonts/icomoon/Read Me.txt","parent":"./fonts/icomoon","name":"Read Me.txt"},{"id":"./fonts/icomoon/demo-files","parent":"./fonts/icomoon","name":"demo-files"},{"id":"./fonts/icomoon/demo-files/demo.css","parent":"./fonts/icomoon/demo-files","name":"demo.css"},{"id":"./fonts/icomoon/demo-files/demo.js","parent":"./fonts/icomoon/demo-files","name":"demo.js"},{"id":"./fonts/icomoon/demo.html","parent":"./fonts/icomoon","name":"demo.html"},{"id":"./fonts/icomoon/fonts","parent":"./fonts/icomoon","name":"fonts"},{"id":"./fonts/icomoon/fonts/icomoon.eot","parent":"./fonts/icomoon/fonts","name":"icomoon.eot"},{"id":"./fonts/icomoon/fonts/icomoon.svg","parent":"./fonts/icomoon/fonts","name":"icomoon.svg"},{"id":"./fonts/icomoon/fonts/icomoon.ttf","parent":"./fonts/icomoon/fonts","name":"icomoon.ttf"},{"id":"./fonts/icomoon/fonts/icomoon.woff","parent":"./fonts/icomoon/fonts","name":"icomoon.woff"},{"id":"./fonts/icomoon/selection.json","parent":"./fonts/icomoon","name":"selection.json"},{"id":"./fonts/icomoon/style.css","parent":"./fonts/icomoon","name":"style.css"},{"id":"./images","parent":"./","name":"images"},{"id":"./images/1774898.jpeg","parent":"./images","name":"1774898.jpeg"},{"id":"./images/19768242656_0752948444_b.jpg","parent":"./images","name":"19768242656_0752948444_b.jpg"},{"id":"./images/19800487661_713ffb07a5_h.jpg","parent":"./images","name":"19800487661_713ffb07a5_h.jpg"},{"id":"./images/404-1.jpeg","parent":"./images","name":"404-1.jpeg"},{"id":"./images/5271843.jpg","parent":"./images","name":"5271843.jpg"},{"id":"./images/avatar.jpg","parent":"./images","name":"avatar.jpg"},{"id":"./images/avatar2.jpg","parent":"./images","name":"avatar2.jpg"},{"id":"./images/bg-preorder.jpg","parent":"./images","name":"bg-preorder.jpg"},{"id":"./images/dribbble_-_instagram_handbook_for_brands.jpg","parent":"./images","name":"dribbble_-_instagram_handbook_for_brands.jpg"},{"id":"./images/editor.png","parent":"./images","name":"editor.png"},{"id":"./images/editor2.png","parent":"./images","name":"editor2.png"},{"id":"./images/lorempixel-1.jpg","parent":"./images","name":"lorempixel-1.jpg"},{"id":"./images/lorempixel-2.jpg","parent":"./images","name":"lorempixel-2.jpg"},{"id":"./images/lorempixel.jpg","parent":"./images","name":"lorempixel.jpg"},{"id":"./images/t-rex.png","parent":"./images","name":"t-rex.png"},{"id":"./index.html","parent":"./","name":"index.html"},{"id":"./license.md","parent":"./","name":"license.md"},{"id":"./package.json","parent":"./","name":"package.json"},{"id":"./src","parent":"./","name":"src"},{"id":"./src/bootstrap.js","parent":"./src","name":"bootstrap.js"},{"id":"./src/components","parent":"./src","name":"components"},{"id":"./src/components/.jshintrc","parent":"./src/components","name":".jshintrc"},{"id":"./src/components/anchor","parent":"./src/components","name":"anchor"},{"id":"./src/components/anchor/anchor.js","parent":"./src/components/anchor","name":"anchor.js"},{"id":"./src/components/anchor/anchor.less","parent":"./src/components/anchor","name":"anchor.less"},{"id":"./src/components/autoComplete","parent":"./src/components","name":"autoComplete"},{"id":"./src/components/autoComplete/autoComplete-ng.js","parent":"./src/components/autoComplete","name":"autoComplete-ng.js"},{"id":"./src/components/autoComplete/autoComplete.js","parent":"./src/components/autoComplete","name":"autoComplete.js"},{"id":"./src/components/autoComplete/autoComplete.less","parent":"./src/components/autoComplete","name":"autoComplete.less"},{"id":"./src/components/lavalamp","parent":"./src/components","name":"lavalamp"},{"id":"./src/components/lavalamp/lavalamp.js","parent":"./src/components/lavalamp","name":"lavalamp.js"},{"id":"./src/components/loading","parent":"./src/components","name":"loading"},{"id":"./src/components/loading/loading.js","parent":"./src/components/loading","name":"loading.js"},{"id":"./src/components/loading/loading.less","parent":"./src/components/loading","name":"loading.less"},{"id":"./src/components/message","parent":"./src/components","name":"message"},{"id":"./src/components/message/message-ng.js","parent":"./src/components/message","name":"message-ng.js"},{"id":"./src/components/message/message.js","parent":"./src/components/message","name":"message.js"},{"id":"./src/components/message/message.less","parent":"./src/components/message","name":"message.less"},{"id":"./src/components/modal","parent":"./src/components","name":"modal"},{"id":"./src/components/modal/modal-ng.js","parent":"./src/components/modal","name":"modal-ng.js"},{"id":"./src/components/modal/modal.js","parent":"./src/components/modal","name":"modal.js"},{"id":"./src/components/modal/modal.less","parent":"./src/components/modal","name":"modal.less"},{"id":"./src/components/progress","parent":"./src/components","name":"progress"},{"id":"./src/components/progress/progress.js","parent":"./src/components/progress","name":"progress.js"},{"id":"./src/components/progress/progress.less","parent":"./src/components/progress","name":"progress.less"},{"id":"./src/components/ripple","parent":"./src/components","name":"ripple"},{"id":"./src/components/ripple/ripple.js","parent":"./src/components/ripple","name":"ripple.js"},{"id":"./src/components/ripple/ripple.less","parent":"./src/components/ripple","name":"ripple.less"},{"id":"./src/components/sidenav","parent":"./src/components","name":"sidenav"},{"id":"./src/components/sidenav/sidenav-ng.js","parent":"./src/components/sidenav","name":"sidenav-ng.js"},{"id":"./src/components/sidenav/sidenav.js","parent":"./src/components/sidenav","name":"sidenav.js"},{"id":"./src/components/sidenav/sidenav.less","parent":"./src/components/sidenav","name":"sidenav.less"},{"id":"./src/components/tab","parent":"./src/components","name":"tab"},{"id":"./src/components/tab/tab-ng.js","parent":"./src/components/tab","name":"tab-ng.js"},{"id":"./src/components/tab/tab.js","parent":"./src/components/tab","name":"tab.js"},{"id":"./src/components/tab/tab.less","parent":"./src/components/tab","name":"tab.less"},{"id":"./src/components/toast","parent":"./src/components","name":"toast"},{"id":"./src/components/toast/toast-ng.js","parent":"./src/components/toast","name":"toast-ng.js"},{"id":"./src/components/toast/toast.js","parent":"./src/components/toast","name":"toast.js"},{"id":"./src/components/toast/toast.less","parent":"./src/components/toast","name":"toast.less"},{"id":"./src/components/tree","parent":"./src/components","name":"tree"},{"id":"./src/components/tree/tree-ng.js","parent":"./src/components/tree","name":"tree-ng.js"},{"id":"./src/components/tree/tree.js","parent":"./src/components/tree","name":"tree.js"},{"id":"./src/components/tree/tree.less","parent":"./src/components/tree","name":"tree.less"},{"id":"./src/components/validation","parent":"./src/components","name":"validation"},{"id":"./src/components/validation/validation-ng.js","parent":"./src/components/validation","name":"validation-ng.js"},{"id":"./src/components/validation/validation.js","parent":"./src/components/validation","name":"validation.js"},{"id":"./src/components/validation/validation.less","parent":"./src/components/validation","name":"validation.less"},{"id":"./src/demo","parent":"./src","name":"demo"},{"id":"./src/demo/autoComplete","parent":"./src/demo","name":"autoComplete"},{"id":"./src/demo/autoComplete/index.html","parent":"./src/demo/autoComplete","name":"index.html"},{"id":"./src/demo/autoComplete/index.js","parent":"./src/demo/autoComplete","name":"index.js"},{"id":"./src/demo/autoComplete/style.less","parent":"./src/demo/autoComplete","name":"style.less"},{"id":"./src/demo/color","parent":"./src/demo","name":"color"},{"id":"./src/demo/color/index.html","parent":"./src/demo/color","name":"index.html"},{"id":"./src/demo/color/style.less","parent":"./src/demo/color","name":"style.less"},{"id":"./src/demo/common","parent":"./src/demo","name":"common"},{"id":"./src/demo/common/css","parent":"./src/demo/common","name":"css"},{"id":"./src/demo/common/css/markdown.less","parent":"./src/demo/common/css","name":"markdown.less"},{"id":"./src/demo/dateutil","parent":"./src/demo","name":"dateutil"},{"id":"./src/demo/dateutil/index.html","parent":"./src/demo/dateutil","name":"index.html"},{"id":"./src/demo/dateutil/index.js","parent":"./src/demo/dateutil","name":"index.js"},{"id":"./src/demo/dateutil/style.less","parent":"./src/demo/dateutil","name":"style.less"},{"id":"./src/demo/getstarted","parent":"./src/demo","name":"getstarted"},{"id":"./src/demo/getstarted/index.html","parent":"./src/demo/getstarted","name":"index.html"},{"id":"./src/demo/getstarted/index.js","parent":"./src/demo/getstarted","name":"index.js"},{"id":"./src/demo/getstarted/style.less","parent":"./src/demo/getstarted","name":"style.less"},{"id":"./src/demo/home","parent":"./src/demo","name":"home"},{"id":"./src/demo/home/index.html","parent":"./src/demo/home","name":"index.html"},{"id":"./src/demo/home/style.less","parent":"./src/demo/home","name":"style.less"},{"id":"./src/demo/message","parent":"./src/demo","name":"message"},{"id":"./src/demo/message/index.html","parent":"./src/demo/message","name":"index.html"},{"id":"./src/demo/message/index.js","parent":"./src/demo/message","name":"index.js"},{"id":"./src/demo/message/style.less","parent":"./src/demo/message","name":"style.less"},{"id":"./src/demo/modal","parent":"./src/demo","name":"modal"},{"id":"./src/demo/modal/index.html","parent":"./src/demo/modal","name":"index.html"},{"id":"./src/demo/modal/index.js","parent":"./src/demo/modal","name":"index.js"},{"id":"./src/demo/modal/page.html","parent":"./src/demo/modal","name":"page.html"},{"id":"./src/demo/modal/style.less","parent":"./src/demo/modal","name":"style.less"},{"id":"./src/demo/sidenav","parent":"./src/demo","name":"sidenav"},{"id":"./src/demo/sidenav/index.html","parent":"./src/demo/sidenav","name":"index.html"},{"id":"./src/demo/sidenav/index.js","parent":"./src/demo/sidenav","name":"index.js"},{"id":"./src/demo/sidenav/profile.html","parent":"./src/demo/sidenav","name":"profile.html"},{"id":"./src/demo/sidenav/style.less","parent":"./src/demo/sidenav","name":"style.less"},{"id":"./src/demo/tab","parent":"./src/demo","name":"tab"},{"id":"./src/demo/tab/index.html","parent":"./src/demo/tab","name":"index.html"},{"id":"./src/demo/tab/index.js","parent":"./src/demo/tab","name":"index.js"},{"id":"./src/demo/tab/style.less","parent":"./src/demo/tab","name":"style.less"},{"id":"./src/demo/tab/tab4.html","parent":"./src/demo/tab","name":"tab4.html"},{"id":"./src/demo/toast","parent":"./src/demo","name":"toast"},{"id":"./src/demo/toast/index.html","parent":"./src/demo/toast","name":"index.html"},{"id":"./src/demo/toast/index.js","parent":"./src/demo/toast","name":"index.js"},{"id":"./src/demo/toast/style.less","parent":"./src/demo/toast","name":"style.less"},{"id":"./src/demo/tooltip","parent":"./src/demo","name":"tooltip"},{"id":"./src/demo/tooltip/index.html","parent":"./src/demo/tooltip","name":"index.html"},{"id":"./src/demo/tooltip/index.js","parent":"./src/demo/tooltip","name":"index.js"},{"id":"./src/demo/tooltip/style.less","parent":"./src/demo/tooltip","name":"style.less"},{"id":"./src/demo/tree","parent":"./src/demo","name":"tree"},{"id":"./src/demo/tree/files.json","parent":"./src/demo/tree","name":"files.json"},{"id":"./src/demo/tree/index.html","parent":"./src/demo/tree","name":"index.html"},{"id":"./src/demo/tree/index.js","parent":"./src/demo/tree","name":"index.js"},{"id":"./src/demo/tree/style.less","parent":"./src/demo/tree","name":"style.less"},{"id":"./src/demo/tree/tree.json","parent":"./src/demo/tree","name":"tree.json"},{"id":"./src/demo/validation","parent":"./src/demo","name":"validation"},{"id":"./src/demo/validation/index.html","parent":"./src/demo/validation","name":"index.html"},{"id":"./src/demo/validation/index.js","parent":"./src/demo/validation","name":"index.js"},{"id":"./src/demo/validation/style.less","parent":"./src/demo/validation","name":"style.less"},{"id":"./src/style","parent":"./src","name":"style"},{"id":"./src/style/base","parent":"./src/style","name":"base"},{"id":"./src/style/base/colors.less","parent":"./src/style/base","name":"colors.less"},{"id":"./src/style/base/fonts.less","parent":"./src/style/base","name":"fonts.less"},{"id":"./src/style/base/icons.less","parent":"./src/style/base","name":"icons.less"},{"id":"./src/style/base/mixins.less","parent":"./src/style/base","name":"mixins.less"},{"id":"./src/style/base/size.less","parent":"./src/style/base","name":"size.less"},{"id":"./src/style/base/transition.less","parent":"./src/style/base","name":"transition.less"},{"id":"./src/style/button.less","parent":"./src/style","name":"button.less"},{"id":"./src/style/checkbox.less","parent":"./src/style","name":"checkbox.less"},{"id":"./src/style/hamburger.less","parent":"./src/style","name":"hamburger.less"},{"id":"./src/style/main.less","parent":"./src/style","name":"main.less"},{"id":"./src/style/radio.less","parent":"./src/style","name":"radio.less"},{"id":"./src/style/ribbon.less","parent":"./src/style","name":"ribbon.less"},{"id":"./src/style/select.less","parent":"./src/style","name":"select.less"},{"id":"./src/style/switcher.less","parent":"./src/style","name":"switcher.less"},{"id":"./src/style/text.less","parent":"./src/style","name":"text.less"},{"id":"./src/style/tooltip.less","parent":"./src/style","name":"tooltip.less"},{"id":"./src/util","parent":"./src","name":"util"},{"id":"./src/util/.jshintrc","parent":"./src/util","name":".jshintrc"},{"id":"./src/util/cookie.js","parent":"./src/util","name":"cookie.js"},{"id":"./src/util/dateutil.js","parent":"./src/util","name":"dateutil.js"},{"id":"./src/util/ng-args.js","parent":"./src/util","name":"ng-args.js"},{"id":"./src/util/poll.js","parent":"./src/util","name":"poll.js"},{"id":"./src/util/storage.js","parent":"./src/util","name":"storage.js"}]